{"slope": -0.027237742540689752, "intercept": 0.09395913489504469, "rvalue": -0.2493660510835058, "pvalue": 0.0, "stderr": 0.00018999370305981903, "intercept_stderr": 0.0010850522786895638}