{"slope": -0.01799536605736293, "intercept": -0.024914458900831535, "rvalue": -0.1540506117895836, "pvalue": 0.0, "stderr": 0.00027154014544769004, "intercept_stderr": 0.0016632704050944843}