{"slope": -0.031371580285759995, "intercept": 0.20829182546823116, "rvalue": -0.35956198828454894, "pvalue": 0.0, "stderr": 0.0007521934259077732, "intercept_stderr": 0.003005841461208426}