{"slope": -0.02282614842796098, "intercept": 0.05784798983537982, "rvalue": -0.2040847440952942, "pvalue": 0.0, "stderr": 0.0002472387002532764, "intercept_stderr": 0.0017374502561840238}