{"slope": -0.033542237598584816, "intercept": 0.162761897337603, "rvalue": -0.8666771428999397, "pvalue": 2.1213271881191364e-08, "stderr": 0.004025850847682893, "intercept_stderr": 0.029048264486463183}