{"slope": -0.005713298172839726, "intercept": 0.045525050942442066, "rvalue": -0.12467143521220754, "pvalue": 0.0, "stderr": 5.308434386404476e-05, "intercept_stderr": 0.0009717576425956542}