{"slope": -0.008148015018515895, "intercept": -0.032712466234305626, "rvalue": -0.17329777725789253, "pvalue": 0.0, "stderr": 6.839721420525233e-05, "intercept_stderr": 0.0011734482318460284}