{"slope": -0.015391852234320047, "intercept": 0.5071800576161964, "rvalue": -0.5347646836183436, "pvalue": 0.0, "stderr": 0.0001137848207078969, "intercept_stderr": 0.002382933928346238}