{"slope": -0.00788353108059138, "intercept": 0.08956333847858083, "rvalue": -0.8760945709097799, "pvalue": 1.1396166342461984e-20, "stderr": 0.0005601014555189534, "intercept_stderr": 0.010024290521751267}