{"slope": -0.0052021605685484825, "intercept": 0.038542297126794293, "rvalue": -0.048327375153095015, "pvalue": 1.7210622491291928e-197, "stderr": 0.00017341203913108882, "intercept_stderr": 0.0017563229956096902}