{"slope": -0.020130777902706187, "intercept": 0.6752274904028137, "rvalue": -0.7038195450928884, "pvalue": 0.0, "stderr": 9.56861570040157e-05, "intercept_stderr": 0.0022138865951707005}