{"slope": -0.0032290186842776412, "intercept": -0.11933507509733639, "rvalue": -0.07845707555944081, "pvalue": 0.0, "stderr": 5.52256337364109e-05, "intercept_stderr": 0.0011101072947385787}