{"slope": -0.0031929045329285727, "intercept": 0.005477480916295373, "rvalue": -0.5366185054559013, "pvalue": 2.8559639163685748e-06, "stderr": 0.0006227532206931913, "intercept_stderr": 0.012044480374050493}