{"slope": 0.00015475470907222216, "intercept": -0.036153062142749055, "rvalue": 0.0014725490066479323, "pvalue": 0.355332069099934, "stderr": 0.00016742956466239318, "intercept_stderr": 0.0016535692191001622}