{"slope": -0.0029911693334019342, "intercept": 0.0029349609850071803, "rvalue": -0.07046557001789777, "pvalue": 0.0, "stderr": 4.4794070942019266e-05, "intercept_stderr": 0.0009370202108979433}