{"slope": -0.01773069496355626, "intercept": 0.06462192700987968, "rvalue": -0.12998287847757847, "pvalue": 0.0, "stderr": 0.0002332213245327891, "intercept_stderr": 0.0010456609271585645}