{"slope": -0.03114135455559439, "intercept": 0.012652623889976483, "rvalue": -0.19668598171485363, "pvalue": 0.0, "stderr": 0.0003759418422605592, "intercept_stderr": 0.0015470345000944694}