{"slope": -0.028195556061803906, "intercept": 0.12371135934916908, "rvalue": -0.895911659685685, "pvalue": 2.6849729137087413e-06, "stderr": 0.003736470416622898, "intercept_stderr": 0.01724958878211965}