{"slope": -0.022286169524822336, "intercept": 0.08717992028880606, "rvalue": -0.16794705633383122, "pvalue": 0.0, "stderr": 0.0002994956366773164, "intercept_stderr": 0.0019414257630055724}