{"slope": -0.04768775861602798, "intercept": 0.37584806347617294, "rvalue": -0.5546803597383513, "pvalue": 0.0, "stderr": 0.00044625987664462783, "intercept_stderr": 0.0023073169779759843}