{"slope": -0.02001860353378297, "intercept": 0.24840091599796094, "rvalue": -0.23211457151104978, "pvalue": 0.0, "stderr": 9.348273442911869e-05, "intercept_stderr": 0.0008696836969370604}