{"slope": -0.022788733724981268, "intercept": 0.1558038901079873, "rvalue": -0.2973221898662341, "pvalue": 0.0, "stderr": 0.00010601239005527179, "intercept_stderr": 0.0009544386327842933}