{"slope": -0.018542514802430514, "intercept": 0.23773195499343786, "rvalue": -0.977657132871539, "pvalue": 3.0188110381595284e-23, "stderr": 0.0007047774880752491, "intercept_stderr": 0.0069166110070344915}