{"slope": -0.019344259314352127, "intercept": 0.2456402965491105, "rvalue": -0.2701317772802591, "pvalue": 0.0, "stderr": 7.157289630983333e-05, "intercept_stderr": 0.000703852736215529}