{"slope": -0.033313410641136326, "intercept": 0.6468137829110365, "rvalue": -0.7711221021604824, "pvalue": 0.0, "stderr": 0.00010412240639945663, "intercept_stderr": 0.0011701258941498197}