{"slope": -0.015229207332266044, "intercept": 0.12605196443115058, "rvalue": -0.26653909785373775, "pvalue": 0.0, "stderr": 7.249552525783884e-05, "intercept_stderr": 0.0010028989804963674}