{"slope": -0.012725318062385584, "intercept": 0.21025703461560083, "rvalue": -0.22121533769401253, "pvalue": 0.0, "stderr": 5.884165638238293e-05, "intercept_stderr": 0.0008493601120977107}