{"slope": -0.019403226904554653, "intercept": 0.6132083507966399, "rvalue": -0.6730296072486256, "pvalue": 0.0, "stderr": 9.071429905029708e-05, "intercept_stderr": 0.0014108994038459267}