{"slope": -0.021519635584515084, "intercept": 0.29670951106778476, "rvalue": -0.21892834800390046, "pvalue": 0.0, "stderr": 0.00012528839614690462, "intercept_stderr": 0.0012742480236794856}