{"slope": -0.013871502953899982, "intercept": 0.23454356771348883, "rvalue": -0.9346755646103969, "pvalue": 7.7413913543619545e-22, "stderr": 0.0007864991876698847, "intercept_stderr": 0.010670405812177639}