{"slope": -0.007983402400312332, "intercept": 0.06607840418106516, "rvalue": -0.09167266997145875, "pvalue": 0.0, "stderr": 0.00010817029671802788, "intercept_stderr": 0.0008676518862126345}