{"slope": -0.031038469762153045, "intercept": 0.5880501922249012, "rvalue": -0.6985482823956118, "pvalue": 0.0, "stderr": 0.00021614397995466255, "intercept_stderr": 0.002142627960956581}