{"slope": -0.008815359484379502, "intercept": -0.028891428068300654, "rvalue": -0.09856086172688903, "pvalue": 0.0, "stderr": 0.00014178587638763503, "intercept_stderr": 0.0011005831819994945}