{"slope": -0.016210897431026643, "intercept": 0.1464770310901559, "rvalue": -0.7384059378588063, "pvalue": 7.260475059935793e-06, "stderr": 0.002903452616323503, "intercept_stderr": 0.02346458603475859}