{"slope": -0.005418991520669368, "intercept": 0.042348811098173275, "rvalue": -0.06220218418136069, "pvalue": 0.0, "stderr": 0.00011558635413313722, "intercept_stderr": 0.0010357514494827205}