{"slope": -0.016176159457206987, "intercept": 0.3017545768615707, "rvalue": -0.49250148067168187, "pvalue": 0.0, "stderr": 0.00012583120255630777, "intercept_stderr": 0.0019391011222593523}