{"slope": -0.005384856052754026, "intercept": -0.059878378565104265, "rvalue": -0.07645113045510854, "pvalue": 0.0, "stderr": 0.00013560729147816871, "intercept_stderr": 0.0019279751131300777}