{"slope": -0.006691826120714331, "intercept": -0.052472387858617436, "rvalue": -0.05687940012266666, "pvalue": 2.876422165459942e-132, "stderr": 0.0002732171549555183, "intercept_stderr": 0.0026894888078105744}