{"slope": -0.004526702460865662, "intercept": -0.23988097510425874, "rvalue": -0.055910461297892185, "pvalue": 2.2996682810777312e-95, "stderr": 0.00021830165434811224, "intercept_stderr": 0.0029894788335139144}