{"slope": -0.006867818054328189, "intercept": -0.035559720419214014, "rvalue": -0.7022774198707249, "pvalue": 2.655807775588065e-08, "stderr": 0.0010264840762362758, "intercept_stderr": 0.014222608896895604}