{"slope": -0.030882481314490225, "intercept": 0.4625731909043266, "rvalue": -0.6181959878809355, "pvalue": 0.0, "stderr": 0.0002744765992533092, "intercept_stderr": 0.002209528373448286}