{"slope": -0.013329850372645188, "intercept": 0.08699532720688485, "rvalue": -0.16848994646792634, "pvalue": 0.0, "stderr": 0.00012993539734007975, "intercept_stderr": 0.0011156804606398296}