{"slope": -0.010097243327579766, "intercept": 0.05563495392384676, "rvalue": -0.6904451745013775, "pvalue": 0.00018822415895979288, "stderr": 0.002255441760450709, "intercept_stderr": 0.0156227674289066}