{"slope": -0.00885306896571513, "intercept": 0.049656560895838114, "rvalue": -0.09627837495823283, "pvalue": 0.0, "stderr": 0.00014656417055939805, "intercept_stderr": 0.0010372447288664387}