{"slope": -0.012881448638895144, "intercept": -0.0009312520913713485, "rvalue": -0.13005850051072132, "pvalue": 0.0, "stderr": 0.00019812698039376505, "intercept_stderr": 0.001278414869659659}