{"slope": -0.00951184979679923, "intercept": 0.11021415182367403, "rvalue": -0.1337085425855011, "pvalue": 0.0, "stderr": 8.225313330830728e-05, "intercept_stderr": 0.0008416182765901515}