{"slope": -0.01837273149004444, "intercept": 0.10215872847256983, "rvalue": -0.23593247497496164, "pvalue": 0.0, "stderr": 0.00010935031217509529, "intercept_stderr": 0.0010282729370776362}