{"slope": -0.01232157864479856, "intercept": 0.14622953823775336, "rvalue": -0.8702350545798715, "pvalue": 5.438681654902064e-12, "stderr": 0.001196236671889327, "intercept_stderr": 0.012430457062796151}