{"slope": -0.023302865251478084, "intercept": 0.5512603037532073, "rvalue": -0.5459105274478444, "pvalue": 0.0, "stderr": 0.00020120311307713132, "intercept_stderr": 0.0024854467185965964}