{"slope": -0.011107464965017256, "intercept": 0.1223286058193148, "rvalue": -0.12530224048100694, "pvalue": 0.0, "stderr": 0.0001106939371895922, "intercept_stderr": 0.0010311125793790244}