{"slope": -0.019290373082429077, "intercept": 0.13450015139105323, "rvalue": -0.1874074056598929, "pvalue": 0.0, "stderr": 0.00012520608216728726, "intercept_stderr": 0.0007502731790586924}