{"slope": -0.015265339792355967, "intercept": 0.25984975027991375, "rvalue": -0.17220954091869084, "pvalue": 4.2959460922277854e-48, "stderr": 0.0010397409742298692, "intercept_stderr": 0.003809928174770934}