{"slope": -0.03344923008848781, "intercept": 0.23967856796913317, "rvalue": -0.8574624054966147, "pvalue": 6.815957808936716e-07, "stderr": 0.00460488688268412, "intercept_stderr": 0.027907729434723662}