{"slope": -0.013265407945063762, "intercept": 0.08596127443783862, "rvalue": -0.14375102045199983, "pvalue": 0.0, "stderr": 0.0001295607033245942, "intercept_stderr": 0.0010144648532714022}