{"slope": -0.012546897887135519, "intercept": 0.024960428252748856, "rvalue": -0.12085253555876663, "pvalue": 0.0, "stderr": 0.00015803966200384438, "intercept_stderr": 0.0009709487269764303}