{"slope": -0.04423806423269741, "intercept": 0.3495373830194505, "rvalue": -0.557885840991415, "pvalue": 0.0, "stderr": 0.00029027422068861, "intercept_stderr": 0.0014957779284491483}