{"slope": -0.030648829233270888, "intercept": 0.16191835204321856, "rvalue": -0.8087093992510721, "pvalue": 8.49463373981449e-05, "stderr": 0.005755817063961762, "intercept_stderr": 0.02823432151036489}