{"slope": -0.01589253591296533, "intercept": 0.07378963806924532, "rvalue": -0.127304899834341, "pvalue": 0.0, "stderr": 0.0002113125047907536, "intercept_stderr": 0.0009853448628030681}