{"slope": -0.015595368130161656, "intercept": -0.05682240110434507, "rvalue": -0.11474194120232939, "pvalue": 0.0, "stderr": 0.0003393235071382112, "intercept_stderr": 0.0014859168646509382}