{"slope": -0.013504630125067984, "intercept": 0.05566370735158696, "rvalue": -0.12396486146378573, "pvalue": 0.0, "stderr": 0.000240662262509027, "intercept_stderr": 0.0016274023557175704}