{"slope": -0.011805307943171459, "intercept": 0.15237834545101092, "rvalue": -0.1292489504016551, "pvalue": 0.0, "stderr": 0.0001208274811260042, "intercept_stderr": 0.0011625965464326547}