{"slope": -0.01744697501064981, "intercept": 0.23118716339369383, "rvalue": -0.8723107337312807, "pvalue": 2.0268972309058307e-12, "stderr": 0.0016530312339339763, "intercept_stderr": 0.017654381317323442}