{"slope": -0.02505412901062265, "intercept": 0.4975486833242499, "rvalue": -0.5951198676077665, "pvalue": 0.0, "stderr": 0.00010743578918265541, "intercept_stderr": 0.001242547283769918}