{"slope": -0.011141267810907815, "intercept": 0.148784525585375, "rvalue": -0.1549533725543027, "pvalue": 0.0, "stderr": 8.714378688205679e-05, "intercept_stderr": 0.0009319802470606288}