{"slope": -0.012339767915342624, "intercept": 0.022639573873208738, "rvalue": -0.16308267898739348, "pvalue": 0.0, "stderr": 0.00012531978765052782, "intercept_stderr": 0.0012700076993969783}