{"slope": -0.02127843030009006, "intercept": 0.24039998050370082, "rvalue": -0.2474734157415887, "pvalue": 0.0, "stderr": 0.0001008104499994846, "intercept_stderr": 0.0008981818634057501}