{"slope": -0.03609084010082443, "intercept": 0.5723384985760985, "rvalue": -0.6704552226637176, "pvalue": 0.0, "stderr": 0.00010235328972191746, "intercept_stderr": 0.001117569316652911}