{"slope": -0.023694047811472097, "intercept": 0.26356966473070453, "rvalue": -0.9585216204314267, "pvalue": 1.470883722391119e-19, "stderr": 0.0012264658301532063, "intercept_stderr": 0.01239049207136018}