{"slope": -0.021934502079643148, "intercept": 0.24568286639891548, "rvalue": -0.3036510205586096, "pvalue": 0.0, "stderr": 7.773459783084623e-05, "intercept_stderr": 0.000730179510199497}