{"slope": -0.02260119749492364, "intercept": 0.08512215085124411, "rvalue": -0.28332582497521186, "pvalue": 0.0, "stderr": 0.0001445739971689726, "intercept_stderr": 0.0013258690977684124}