{"slope": -0.017088950945181484, "intercept": 0.12926696698907267, "rvalue": -0.18610483291104568, "pvalue": 0.0, "stderr": 0.0001691929464930393, "intercept_stderr": 0.0015556402360486824}