{"slope": -0.02609712382988298, "intercept": -0.031030570766760468, "rvalue": -0.27390668637588067, "pvalue": 0.0, "stderr": 0.00031746704749313593, "intercept_stderr": 0.002790350944690004}