{"slope": -0.019617845425365234, "intercept": 0.17883537410634337, "rvalue": -0.8798718549917518, "pvalue": 3.4753021150941497e-13, "stderr": 0.0017659042034652126, "intercept_stderr": 0.019369683121191614}