{"slope": -0.024187702920354763, "intercept": 0.4028391062791148, "rvalue": -0.5233984637429165, "pvalue": 0.0, "stderr": 0.00015137193435409908, "intercept_stderr": 0.0017705891369175718}