{"slope": -0.014354918800769136, "intercept": 0.10895423878873293, "rvalue": -0.22010951302127285, "pvalue": 0.0, "stderr": 0.00010813088098089077, "intercept_stderr": 0.001169442186907641}