{"slope": -0.009618017411060524, "intercept": 0.005415844104896178, "rvalue": -0.8137084363490367, "pvalue": 8.260257981621232e-15, "stderr": 0.0009181276302031018, "intercept_stderr": 0.015371784580157937}