{"slope": -0.007054515700420301, "intercept": -0.04742043699210191, "rvalue": -0.11821232966746056, "pvalue": 0.0, "stderr": 0.00010825969551167167, "intercept_stderr": 0.001823980621160807}