{"slope": -0.009780131096386672, "intercept": -0.02215852879203091, "rvalue": -0.07095649846527513, "pvalue": 5.3482087630162173e-197, "stderr": 0.00032620708752081445, "intercept_stderr": 0.003165844587959056}