{"slope": -0.006011231554612342, "intercept": -0.17616234659453295, "rvalue": -0.10012262398416938, "pvalue": 0.0, "stderr": 0.0001293982159837339, "intercept_stderr": 0.002128522841858997}