{"slope": -0.021961980108453887, "intercept": 0.5675283583061858, "rvalue": -0.7182498108154454, "pvalue": 0.0, "stderr": 0.00016807877355579526, "intercept_stderr": 0.0033960186344549593}