{"au2_or_l4": [30.507364117616227, 13.281618533466114, 25.892342365952093, 29.924262277897164, 2.680092906832547, 41.66573587996575, 28.850664581704454, 26.296872270289, 0.3805849239526744, 1.9216916196740443, 87.93101611421481, 9.7345821720057, 1.6706062197799236, 8.038035206809703, 70.49241046776301, 19.668134739450753], "au3_or_l4": [36.48910612211084, 12.143153011349515, 25.371551652721397, 24.321100157402036, 3.78246994931678, 37.515615998550054, 28.75803455262187, 29.045110007832275, 0.4563422535188935, 0.8016116270551654, 94.88200587631825, 3.8329260925337776, 4.348676971250065, 9.124947381636375, 61.61407291982069, 24.605454585736545], "au4_or_l4": [7.545819791027496, 14.420577222040334, 53.38729296262649, 24.612919522385727, 0.668486364900043, 27.1353021457275, 41.535875856142745, 30.449617105163394, 0.8292961916296595, 3.4820347194186514, 80.8420804736913, 14.824440407302742, 3.376920844347874, 13.164500364754517, 50.160805754492756, 33.22207666904607], "au6_or_l4": [30.4239978833179, 11.315980949861093, 28.934052123296734, 29.134144728138644, 3.3423264299994178, 34.185574814153455, 33.41258904136177, 28.642204149764172, 0.392097338100407, 1.5292306397156084, 89.01119786119447, 9.050637190062616, 2.070482156361097, 7.0412618757189165, 64.12381170375822, 26.68621445976525], "au7_or_l4": [24.165655430487725, 8.503948304410983, 41.25604500050811, 26.054026911834153, 2.6868334302889276, 40.69226294357185, 30.05584642233857, 26.5282140779523, 1.6135903278026202, 3.500097568483456, 80.64461160872565, 14.238402405406669, 3.7784621473538396, 8.948338342423904, 61.6439711575328, 25.621189071524864], "au8_or_l4": [9.772975929978118, 5.153172866520788, 64.37636761487965, 20.62910284463895, 1.9573974915446892, 19.707699765424323, 54.142405821488474, 23.852055740974965, 0.4756102143466801, 2.482996666434051, 86.52724022610273, 10.477918480623984, 0.9931862103171603, 5.112610501038853, 77.7703513955718, 16.04794149758206], "au9_or_l4": [24.22205837253763, 19.45816504303229, 28.200995713083255, 27.883881323528453, 0.70033520105879, 26.159041151805262, 40.23822776355338, 32.64709884102069, 0.3969345578173713, 2.6388830109893213, 88.85056498370646, 8.087166899431491, 2.0001589998321667, 10.475144498458585, 62.35620084623243, 25.065440208702], "au10_or_l4": [30.26729918350591, 8.806580607885174, 32.332101750064616, 28.50202983168362, 0.5008378678616482, 32.76557586940558, 33.218165728380185, 33.40998098322381, 0.5256158813680937, 4.344032528103325, 79.5168619947381, 15.602391772303276, 1.732459719728589, 10.531269276343542, 57.55272311804595, 30.157263167266198], "au12_or_l4": [37.360838625044984, 12.70126884990887, 27.254153074610233, 22.66980880184813, 2.303650765813165, 34.83573015316263, 31.650444288553725, 31.19556003741377, 0.6781702157197952, 2.1893226530806618, 86.9743212244193, 10.157701614790923, 3.073310590928474, 9.082186861772561, 61.235888861458356, 26.60328343470162], "au13_or_l4": [24.093536794958595, 12.457684495599187, 31.990521327014214, 31.37649080777043, 0.6334845716582842, 37.581105221674434, 30.977508474691106, 30.62542204074627, 0.6447597075106539, 6.481587702191121, 75.24483873571862, 17.6099065682638, 1.8072370776839028, 12.85892634207241, 56.916838448063956, 28.3744157013036], "au14_or_l4": [15.97718678321245, 3.5752278222056906, 64.33029570392412, 16.040915008368977, 0.9615775151293612, 39.61049510580399, 30.234758945615532, 29.009585313350396, 2.5132721580239914, 3.151939403997591, 83.5795387796887, 10.745926048859443, 5.949848592633305, 11.034214064448577, 54.2657568889917, 28.70426253915633], "au15_or_l4": [23.79421221864952, 24.25496039526312, 19.57493529919222, 32.3700101952788, 2.118041256411216, 44.72408371083074, 22.449084646774736, 30.708790385983303, 0.3149623274012913, 2.617787502829487, 85.15624157890765, 11.911008590861567, 1.619700214132762, 12.115631691648822, 54.42912205567452, 31.8355460385439], "au16_or_l4": [33.37742898514453, 3.990060601726881, 31.294803267845335, 31.257262375087148, 6.613388865333111, 35.857856686650315, 26.19056564279542, 29.631438554307397, 0.4040717776814074, 0.7178940212613837, 91.55356173107202, 7.2945846372632905, 2.0419781635877383, 3.8869078616379955, 73.41015207816623, 20.494364369753836], "au17_or_l4": [27.544329108712912, 11.695631291596827, 31.033806765273813, 29.589986375354094, 0.25394614744528576, 34.84891801372587, 32.26649332313289, 32.59342902364894, 0.41101615841010003, 7.364823494393061, 72.35149053120561, 19.860485847317907, 1.0547245111832093, 14.319963249016624, 54.02853943552787, 30.574808349364034], "au18_or_l4": [29.101711983887213, 10.348439073514601, 29.686807653575027, 30.832829808660623, 0.6041264587472674, 27.60322074325574, 39.033255407026644, 32.73023430053632, 0.4217397102065078, 2.464555557313432, 85.96223779700894, 11.148076744874597, 1.3140710150831434, 8.715948409250249, 63.441166648891624, 26.516225699914152], "au20_or_l4": [15.581858559032947, 5.875821332905973, 60.435220586551885, 18.097941802696948, 1.6505656702840523, 22.7712718932978, 45.419223820933006, 30.085907570884956, 1.3429684538050228, 3.8609117412506047, 81.9367638022774, 12.853799793439752, 2.8318653975275483, 8.717851128688839, 65.97560581525192, 22.44882571119784], "au21_or_l4": [16.23746299541589, 13.522638389718914, 40.999594063425114, 29.195750537123395, 1.7746235853954646, 31.72383640359609, 35.43274504522441, 30.905620161847548, 0.3034705370685546, 1.7028640532004997, 89.12615344521927, 8.85893935047018, 1.27139279254209, 6.385371736004823, 71.4204273147504, 20.892467881823663], "au22_or_l4": [32.90524777906072, 16.376432515650652, 26.55701392652638, 24.02777450495244, 0.5598681856456911, 38.13810081912594, 29.665943173272026, 31.634802246329148, 0.5123562958269213, 6.7109220200557225, 75.17777576617081, 17.597738953763216, 1.668455829472046, 14.564136741249095, 56.229555563523014, 27.533844703480536], "au23_or_l4": [40.156658604559794, 11.034855311782545, 19.30854133159814, 29.33665639464218, 1.619134787503746, 23.537999854204973, 45.501413401803, 29.239192943520624, 0.543829602100561, 1.911829136398592, 88.96970588265332, 8.565546020239653, 2.3018584882073507, 7.530627552296025, 67.46302932651795, 22.66392569751183], "au24_or_l4": [33.164183111827086, 17.41374681165257, 22.784266344475768, 26.60222848704524, 0.8855964230100261, 25.634032400535457, 36.696247256700026, 36.77729412728912, 0.6027465515575825, 1.699689347833824, 89.53392006426584, 8.159068145187941, 2.3726152550441246, 7.456104214727745, 66.31238785748288, 23.852255666630047], "au25_or_l4": [26.7384916748286, 7.155974534769833, 32.64569049951028, 33.39862879529873, 2.5792375275164123, 32.2268326417704, 29.73428398885707, 34.70477081020007, 0.19508572826639825, 1.3589470092220395, 91.2741523213914, 7.149065670277219, 0.7871109716095075, 4.531234370742375, 79.73758368659048, 14.85853042725432], "au26_or_l4": [24.055110168736192, 23.24121722732241, 26.410474121957282, 26.250041046473992, 0.3394282250732397, 33.331105706093076, 37.443098370464774, 28.87984023250212, 0.37391887899465265, 4.196257156287532, 84.09692448422444, 11.33208727548877, 1.3671599537399126, 11.709905146306502, 61.78811649131085, 25.132125886929472], "au27_or_l4": [41.392584470198486, 16.289202162717046, 17.145423473762182, 25.014143982828912, 2.6024091633986606, 35.04280245796782, 27.57720587329092, 34.646204963754094, 0.5268728067444961, 1.2805663227358066, 90.89145699335184, 7.296680504723178, 2.680178330059966, 7.134882644183736, 65.2248915308157, 24.939884548462015]}