{"au1_or_l4": [36.48347687277128, 2.4961701360728124, 32.233937100117146, 28.304947283049476, 6.5420152601271475, 32.54537173944237, 26.409502954076125, 33.632796171866715, 2.7282598319969456, 2.737208858342879, 75.3370799923635, 19.10855765559374, 5.033582879467293, 5.7398818344527625, 62.20193991647582, 26.855237582032675], "au2_or_l4": [32.03146896448335, 8.51187255981906, 29.511605321305428, 29.490747681217044, 2.9533709228043605, 43.38055296219244, 27.648109622071438, 25.513302114959092, 0.6582381802730148, 1.644038363353704, 87.93101611421481, 9.7345821720057, 2.8021334195321024, 6.906508007057524, 70.49241046776301, 19.668134739450753], "au3_or_l4": [34.41984016467882, 5.371738209117879, 33.69709995761942, 24.940969909789914, 6.67124795001623, 37.33225968287963, 25.144921731725105, 30.129386122084174, 0.6971190818609504, 0.5608347987131085, 94.88200587631825, 3.8329260925337776, 6.831894482641479, 6.641729870244961, 61.61407291982069, 24.605454585736545], "au4_or_l4": [14.05876451850356, 7.462331689585762, 52.971448300121814, 25.458924767606227, 1.7415898497871118, 33.18244848840264, 32.030958882352586, 32.72551786488781, 1.5144888530031848, 2.7968420580451263, 80.8420804736913, 14.824440407302742, 6.396146937238691, 10.1452742718637, 50.160805754492756, 33.22207666904607], "au5_or_l4": [39.725036555984, 9.601344635767104, 25.193707687424222, 25.241581716283935, 3.0675747904990827, 45.099350789398834, 23.12121202649354, 28.700922397922024, 1.0191317874003656, 2.6965070369508033, 89.83407063206234, 6.448928233504903, 5.39769171068773, 14.642254100982791, 55.47655408957765, 24.472929480064646], "au6_or_l4": [30.11286493690392, 5.751530548498605, 34.83736620715505, 29.06084711174045, 4.09007447048143, 36.53968232298755, 30.39637954689729, 28.50219452426946, 0.7292194150683237, 1.1921085627476915, 89.01119786119447, 9.050637190062616, 3.5406229989830127, 5.571121033097002, 64.12381170375822, 26.68621445976525], "au7_or_l4": [25.55077328610556, 5.037583146275665, 43.490187194958715, 25.89550855660125, 4.007853374428272, 46.57731076767832, 22.44299174079477, 26.935648396968336, 2.388641379480936, 2.7250465168051408, 80.64461160872565, 14.238402405406669, 5.627496815207846, 7.0993036745698985, 61.6439711575328, 25.621189071524864], "au8_or_l4": [10.649948572268206, 1.684870451094676, 69.87804280746437, 17.722486163491208, 4.172078491943694, 23.68975322076737, 43.328535823358024, 28.309404289675992, 1.1570855722621545, 1.8015213085185764, 86.52724022610273, 10.477918480623984, 2.2706583639041535, 3.83513834745186, 77.7703513955718, 16.04794149758206], "au9_or_l4": [25.644961663960906, 9.572758105219165, 37.020799511356145, 27.51514956681079, 1.3656687402799377, 27.106985484707103, 36.85523587350959, 34.419712286158635, 1.0553768674086927, 1.9804407013979997, 88.85056498370646, 8.087166899431491, 4.262962166873268, 8.212341331417484, 62.35620084623243, 25.065440208702], "au10_or_l4": [27.036898885331034, 4.0304414592910875, 38.9998498273014, 29.81557823755383, 1.1245810678377244, 35.62144818384157, 29.475109786655313, 33.685431589413625, 1.252523319779957, 3.6171250896914615, 79.5168619947381, 15.602391772303276, 3.048179465275555, 9.215549530796576, 57.55272311804595, 30.157263167266198], "au11_or_l4": [25.234818741260952, 8.451104773791936, 36.64594310632213, 29.65786376168169, 2.1760132654602686, 36.1694578234949, 31.63720933500557, 30.006780280275002, 2.2476130922937645, 4.254902143783774, 76.11809010051611, 17.37682809598029, 4.494649871326019, 11.318705133414602, 55.200325071109305, 28.98252742787485], "au12_or_l4": [33.96261550217359, 4.618802694355082, 37.33312785344147, 24.073253581450302, 2.5859365813506843, 38.90712577901462, 25.459079684866538, 33.03168972680594, 1.1740852127898285, 1.6934076560106286, 86.9743212244193, 10.157701614790923, 4.913369392014723, 7.242128060686312, 61.235888861458356, 26.60328343470162], "au13_or_l4": [26.02329148669923, 4.850711123669586, 38.29976183748436, 30.717918701812458, 1.673071168483333, 42.060541059424104, 25.104659534313218, 30.971222701860317, 1.9325795911777326, 5.193767818524043, 75.24483873571862, 17.6099065682638, 3.988038208053886, 10.678125211702426, 56.916838448063956, 28.3744157013036], "au14_or_l4": [19.082052710586996, 1.978001145209465, 61.12420106164013, 17.703738954145194, 1.7834559706832047, 43.038713271499816, 24.378826641743167, 30.63187937448351, 3.8927001732326634, 1.772511388788919, 83.5795387796887, 10.745926048859443, 9.13053384793865, 7.853528809143231, 54.2657568889917, 28.70426253915633], "au15_or_l4": [30.202136172285428, 13.419789166057821, 23.186514977559753, 33.18895035312946, 4.460325941757948, 45.265829548490515, 20.903686882180068, 29.37015762757147, 0.8890517715283541, 2.0436980587024243, 85.15624157890765, 11.911008590861567, 4.405567451820128, 9.329764453961456, 54.42912205567452, 31.8355460385439], "au16_or_l4": [34.16372756120939, 1.2265142984766282, 32.25695381494337, 32.06153044416941, 7.453319386642335, 38.54479632638224, 23.472726058798656, 28.36890481383393, 0.5869149896271639, 0.5350508093156272, 91.55356173107202, 7.2945846372632905, 2.9537410522785246, 2.9751449729472097, 73.41015207816623, 20.494364369753836], "au17_or_l4": [19.72434673167812, 6.059619260524022, 42.78874503832918, 31.32915570185089, 1.250958282757299, 38.92225132562448, 27.241782725356163, 32.55526097233757, 1.7410737006722774, 6.034765952130884, 72.35149053120561, 19.860485847317907, 3.1404863762956157, 12.234201383904217, 54.02853943552787, 30.574808349364034], "au18_or_l4": [23.668438064975618, 4.383389031939955, 43.061962417136904, 28.846217060209277, 0.7801238273034478, 30.808835692511284, 34.119561878204976, 34.267847437200174, 0.7056116694880586, 2.180683598031881, 85.96223779700894, 11.148076744874597, 2.2490965324680094, 7.780922891865383, 63.441166648891624, 26.516225699914152], "au19_or_l4": [12.814921460825834, 12.735217599959586, 48.44787956858882, 25.98345864239628, 2.9244085033128067, 56.75605311116897, 17.8726840905589, 22.426132650404604, 0.8877077914734818, 3.643889705605187, 84.57277884579139, 10.894445700931056, 4.084115615221476, 15.766052924338444, 53.01308733640829, 27.12882755632221], "au20_or_l4": [16.777796045620892, 2.862571016240113, 59.47157219147135, 20.86370362251329, 1.875655990923423, 24.782540336802207, 41.18709392302757, 32.0714228044754, 2.4094337895961617, 2.7944464054594658, 81.9367638022774, 12.853799793439752, 4.977577026236136, 6.572139499980252, 65.97560581525192, 22.44882571119784], "au21_or_l4": [22.810912599239792, 3.555777702867638, 44.454195678201536, 29.11111369421939, 2.7459348495489166, 35.3416887256226, 30.084814434660473, 31.640646102317543, 0.6882094552503831, 1.3181251350186711, 89.12615344521927, 8.85893935047018, 2.7370019943416355, 4.919762534205279, 71.4204273147504, 20.892467881823663], "au22_or_l4": [28.764940239043824, 10.38107457176942, 34.52270015981272, 26.254304814639745, 1.4955914738916838, 40.55790240741288, 25.700671967474513, 32.24448967848279, 1.9307403719461294, 5.292537943936513, 75.17777576617081, 17.597738953763216, 4.076127647099764, 12.156464923621378, 56.229555563523014, 27.533844703480536], "au23_or_l4": [27.253550692730684, 4.592092732727813, 42.006205392342586, 26.01708018882415, 1.799563662393646, 25.500222379540027, 41.68339995947166, 30.916282656238074, 0.9248677702577803, 1.5307909682413725, 88.96970588265332, 8.565546020239653, 3.6660462445944573, 6.166439795908919, 67.46302932651795, 22.66392569751183], "au24_or_l4": [32.48019448864427, 7.305564114143899, 32.47133107386601, 27.71463180952944, 1.0560684081832492, 26.71910003615113, 33.645884037426384, 38.57439304531985, 0.9510227116730984, 1.3514131877183082, 89.53392006426584, 8.159068145187941, 3.702762825442162, 6.125956644329708, 66.31238785748288, 23.852255666630047],