{"au2_or_l4_s127": {"BarWidths": [0.5214601747200066, 0.8386565703772836, 0.8584556900019203, 0.8622140940454894, 0.9172914865626762], "NumericalLabels": ["$\\textbf{52.1\\%}$", "$\\textbf{83.9\\%}$", "$\\textbf{85.8\\%}$", "$\\textbf{86.2\\%}$", "$\\textbf{91.7\\%}$"], "ComponentLabel": ["Halo", "Warm\nDisc", "Galaxy", "Bulge", "Cold\nDisc"], "Colors": ["#1f77b4", "#ff7f0e", "tab:gray", "#2ca02c", "#d62728"]}, "au3_or_l4_s127": {"BarWidths": [0.460947989890214, 0.7192179082538201, 0.7838074068928791, 0.8546476298004922, 0.9754379995282636], "NumericalLabels": ["$\\textbf{46.1\\%}$", "$\\textbf{71.9\\%}$", "$\\textbf{78.4\\%}$", "$\\textbf{85.5\\%}$", "$\\textbf{97.5\\%}$"], "ComponentLabel": ["Halo", "Bulge", "Warm\nDisc", "Galaxy", "Cold\nDisc"], "Colors": ["#1f77b4", "#2ca02c", "#ff7f0e", "tab:gray", "#d62728"]}, "au4_or_l4_s127": {"BarWidths": [0.5241930034425766, 0.560383390097223, 0.6143797872707351, 0.6489220095340628, 0.8700662267809881], "NumericalLabels": ["$\\textbf{52.4\\%}$", "$\\textbf{56.0\\%}$", "$\\textbf{61.4\\%}$", "$\\textbf{64.9\\%}$", "$\\textbf{87.0\\%}$"], "ComponentLabel": ["Halo", "Bulge", "Galaxy", "Warm\nDisc", "Cold\nDisc"], "Colors": ["#1f77b4", "#2ca02c", "tab:gray", "#ff7f0e", "#d62728"]}, "au6_or_l4_s127": {"BarWidths": [0.48024401260083815, 0.8424683769203435, 0.8845209063208221, 0.913706242239889, 0.9696102087535758], "NumericalLabels": ["$\\textbf{48.0\\%}$", "$\\textbf{84.2\\%}$", "$\\textbf{88.5\\%}$", "$\\textbf{91.4\\%}$", "$\\textbf{97.0\\%}$"], "ComponentLabel": ["Halo", "Bulge", "Galaxy", "Warm\nDisc", "Cold\nDisc"], "Colors": ["#1f77b4", "#2ca02c", "tab:gray", "#ff7f0e", "#d62728"]}, "au7_or_l4_s127": {"BarWidths": [0.3725278696225631, 0.6509259519328896, 0.7386786958259579, 0.7555791747618045, 0.8503760523154446], "NumericalLabels": ["$\\textbf{37.3\\%}$", "$\\textbf{65.1\\%}$", "$\\textbf{73.9\\%}$", "$\\textbf{75.6\\%}$", "$\\textbf{85.0\\%}$"], "ComponentLabel": ["Halo", "Galaxy", "Warm\nDisc", "Bulge", "Cold\nDisc"], "Colors": ["#1f77b4", "tab:gray", "#ff7f0e", "#2ca02c", "#d62728"]}, "au8_or_l4_s127": {"BarWidths": [0.6963389752210345, 0.8148457561374715, 0.8281181450715682, 0.8477648482972981, 0.8656898526216648], "NumericalLabels": ["$\\textbf{69.6\\%}$", "$\\textbf{81.5\\%}$", "$\\textbf{82.8\\%}$", "$\\textbf{84.8\\%}$", "$\\textbf{86.6\\%}$"], "ComponentLabel": ["Halo", "Warm\nDisc", "Galaxy", "Cold\nDisc", "Bulge"], "Colors": ["#1f77b4", "#ff7f0e", "tab:gray", "#d62728", "#2ca02c"]}, "au9_or_l4_s127": {"BarWidths": [0.7386024226734413, 0.9371496195938451, 0.9634285065883721, 0.9662621429645318, 0.9914959088048115], "NumericalLabels": ["$\\textbf{73.9\\%}$", "$\\textbf{93.7\\%}$", "$\\textbf{96.3\\%}$", "$\\textbf{96.6\\%}$", "$\\textbf{99.1\\%}$"], "ComponentLabel": ["Halo", "Galaxy", "Warm\nDisc", "Bulge", "Cold\nDisc"], "Colors": ["#1f77b4", "tab:gray", "#ff7f0e", "#2ca02c", "#d62728"]}, "au10_or_l4_s127": {"BarWidths": [0.6992961763556578, 0.9532798176557478, 0.9871871599564744, 0.9964308661441342, 0.9973593499172464], "NumericalLabels": ["$\\textbf{69.9\\%}$", "$\\textbf{95.3\\%}$", "$\\textbf{98.7\\%}$", "$\\textbf{99.6\\%}$", "$\\textbf{99.7\\%}$"], "ComponentLabel": ["Halo", "Galaxy", "Warm\nDisc", "Cold\nDisc", "Bulge"], "Colors": ["#1f77b4", "tab:gray", "#ff7f0e", "#d62728", "#2ca02c"]}, "au12_or_l4_s127": {"BarWidths": [0.3416779901686993, 0.8039460799507914, 0.8694006370700631, 0.946338325829275, 0.9659231422935687], "NumericalLabels": ["$\\textbf{34.2\\%}$", "$\\textbf{80.4\\%}$", "$\\textbf{86.9\\%}$", "$\\textbf{94.6\\%}$", "$\\textbf{96.6\\%}$"], "ComponentLabel": ["Halo", "Galaxy", "Warm\nDisc", "Bulge", "Cold\nDisc"], "Colors": ["#1f77b4", "tab:gray", "#ff7f0e", "#2ca02c", "#d62728"]}, "au13_or_l4_s127": {"BarWidths": [0.5323523357287747, 0.8554168264041119, 0.9131326949384405, 0.9680317030084543, 0.982283612705888], "NumericalLabels": ["$\\textbf{53.2\\%}$", "$\\textbf{85.5\\%}$", "$\\textbf{91.3\\%}$", "$\\textbf{96.8\\%}$", "$\\textbf{98.2\\%}$"], "ComponentLabel": ["Halo", "Galaxy", "Warm\nDisc", "Cold\nDisc", "Bulge"], "Colors": ["#1f77b4", "tab:gray", "#ff7f0e", "#d62728", "#2ca02c"]}, "au14_or_l4_s127": {"BarWidths": [0.5994361658248131, 0.7945832694144198, 0.8138676040255913, 0.9065663865517807, 0.9756357039913073], "NumericalLabels": ["$\\textbf{59.9\\%}$", "$\\textbf{79.5\\%}$", "$\\textbf{81.4\\%}$", "$\\textbf{90.7\\%}$", "$\\textbf{97.6\\%}$"], "ComponentLabel": ["Halo", "Warm\nDisc", "Galaxy", "Cold\nDisc", "Bulge"], "Colors": ["#1f77b4", "#ff7f0e", "tab:gray", "#d62728", "#2ca02c"]}, "au15_or_l4_s127": {"BarWidths": [0.4468452998485553, 0.8317173665293242, 0.8462003282570185, 0.8813382753700866, 0.9742647830999878], "NumericalLabels": ["$\\textbf{44.7\\%}$", "$\\textbf{83.2\\%}$", "$\\textbf{84.6\\%}$", "$\\textbf{88.1\\%}$", "$\\textbf{97.4\\%}$"], "ComponentLabel": ["Halo", "Bulge", "Galaxy", "Warm\nDisc", "Cold\nDisc"], "Colors": ["#1f77b4", "#2ca02c", "tab:gray", "#ff7f0e", "#d62728"]}, "au16_or_l4_s127": {"BarWidths": [0.49108353253217196, 0.878255999410863, 0.8940782347187171, 0.9466688118235128, 0.9683062513386629], "NumericalLabels": ["$\\textbf{49.1\\%}$", "$\\textbf{87.8\\%}$", "$\\textbf{89.4\\%}$", "$\\textbf{94.7\\%}$", "$\\textbf{96.8\\%}$"], "ComponentLabel": ["Halo", "Warm\nDisc", "Galaxy", "Cold\nDisc", "Bulge"], "Colors": ["#1f77b4", "#ff7f0e", "tab:gray", "#d62728", "#2ca02c"]}, "au17_or_l4_s127": {"BarWidths": [0.8597344647233093, 0.9764427546928445, 0.9807953240789061, 0.9813003800781569, 0.9982402059384123], "NumericalLabels": ["$\\textbf{86.0\\%}$", "$\\textbf{97.6\\%}$", "$\\textbf{98.1\\%}$", "$\\textbf{98.1\\%}$", "$\\textbf{99.8\\%}$"], "ComponentLabel": ["Halo", "Galaxy", "Cold\nDisc", "Warm\nDisc", "Bulge"], "Colors": ["#1f77b4", "tab:gray", "#d62728", "#ff7f0e", "#2ca02c"]}, "au18_or_l4_s127": {"BarWidths": [0.6724193351733005, 0.957669426633478, 0.9769179660345325, 0.9875378456889115, 0.9909786179113728], "NumericalLabels": ["$\\textbf{67.2\\%}$", "$\\textbf{95.8\\%}$", "$\\textbf{97.7\\%}$", "$\\textbf{98.8\\%}$", "$\\textbf{99.1\\%}$"], "ComponentLabel": ["Halo", "Galaxy", "Warm\nDisc", "Cold\nDisc", "Bulge"], "Colors": ["#1f77b4", "tab:gray", "#ff7f0e", "#d62728", "#2ca02c"]}, "au20_or_l4_s127": {"BarWidths": [0.4679010539831135, 0.5952178940012096, 0.6492802029076926, 0.6783372131692716, 0.8114245444248211], "NumericalLabels": ["$\\textbf{46.8\\%}$", "$\\textbf{59.5\\%}$", "$\\textbf{64.9\\%}$", "$\\textbf{67.8\\%}$", "$\\textbf{81.1\\%}$"], "ComponentLabel": ["Halo", "Warm\nDisc", "Galaxy", "Cold\nDisc", "Bulge"], "Colors": ["#1f77b4", "#ff7f0e", "tab:gray", "#d62728", "#2ca02c"]}, "au21_or_l4_s127": {"BarWidths": [0.3675144876344979, 0.8004259456244496, 0.8023576153312276, 0.8256925529317715, 0.9495981287616071], "NumericalLabels": ["$\\textbf{36.8\\%}$", "$\\textbf{80.0\\%}$", "$\\textbf{80.2\\%}$", "$\\textbf{82.6\\%}$", "$\\textbf{95.0\\%}$"], "ComponentLabel": ["Halo", "Galaxy", "Bulge", "Warm\nDisc", "Cold\nDisc"], "Colors": ["#1f77b4", "tab:gray", "#2ca02c", "#ff7f0e", "#d62728"]}, "au22_or_l4_s127": {"BarWidths": [0.794172362298232, 0.9668055764012805, 0.9852959206362071, 0.9922222423490413, 0.9943035784648064], "NumericalLabels": ["$\\textbf{79.4\\%}$", "$\\textbf{96.7\\%}$", "$\\textbf{98.5\\%}$", "$\\textbf{99.2\\%}$", "$\\textbf{99.4\\%}$"], "ComponentLabel": ["Halo", "Galaxy", "Warm\nDisc", "Bulge", "Cold\nDisc"], "Colors": ["#1f77b4", "tab:gray", "#ff7f0e", "#2ca02c", "#d62728"]}, "au23_or_l4_s127": {"BarWidths": [0.38536228783340465, 0.8798714651984337, 0.893556917699859, 0.9553940593573506, 0.9727343080210568], "NumericalLabels": ["$\\textbf{38.5\\%}$", "$\\textbf{88.0\\%}$", "$\\textbf{89.4\\%}$", "$\\textbf{95.5\\%}$", "$\\textbf{97.3\\%}$"], "ComponentLabel": ["Halo", "Galaxy", "Warm\nDisc", "Bulge", "Cold\nDisc"], "Colors": ["#1f77b4", "tab:gray", "#ff7f0e", "#2ca02c", "#d62728"]},