{"au2_or_l4_s127": {"BarWidths": [0.2860722791757275, 0.8386565703772836, 0.8395307910462878, 0.8584556900019203, 0.9172914865626762], "NumericalLabels": ["$\\textbf{28.6\\%}$", "$\\textbf{83.9\\%}$", "$\\textbf{84.0\\%}$", "$\\textbf{85.8\\%}$", "$\\textbf{91.7\\%}$"], "ComponentLabel": ["Halo", "Warm\nDisc", "Bulge", "Galaxy", "Cold\nDisc"], "Colors": ["#1f77b4", "#ff7f0e", "#2ca02c", "tab:gray", "#d62728"]}, "au3_or_l4_s127": {"BarWidths": [0.39644627939729515, 0.6526255912819592, 0.7838074068928791, 0.8546476298004922, 0.9754379995282636], "NumericalLabels": ["$\\textbf{39.6\\%}$", "$\\textbf{65.3\\%}$", "$\\textbf{78.4\\%}$", "$\\textbf{85.5\\%}$", "$\\textbf{97.5\\%}$"], "ComponentLabel": ["Halo", "Bulge", "Warm\nDisc", "Galaxy", "Cold\nDisc"], "Colors": ["#1f77b4", "#2ca02c", "#ff7f0e", "tab:gray", "#d62728"]}, "au4_or_l4_s127": {"BarWidths": [0.4439501305343918, 0.5893355249493598, 0.6143797872707351, 0.6489220095340628, 0.8700662267809881], "NumericalLabels": ["$\\textbf{44.4\\%}$", "$\\textbf{58.9\\%}$", "$\\textbf{61.4\\%}$", "$\\textbf{64.9\\%}$", "$\\textbf{87.0\\%}$"], "ComponentLabel": ["Halo", "Bulge", "Galaxy", "Warm\nDisc", "Cold\nDisc"], "Colors": ["#1f77b4", "#2ca02c", "tab:gray", "#ff7f0e", "#d62728"]}, "au6_or_l4_s127": {"BarWidths": [0.23972988887357646, 0.7935679623327763, 0.8845209063208221, 0.913706242239889, 0.9696102087535758], "NumericalLabels": ["$\\textbf{24.0\\%}$", "$\\textbf{79.4\\%}$", "$\\textbf{88.5\\%}$", "$\\textbf{91.4\\%}$", "$\\textbf{97.0\\%}$"], "ComponentLabel": ["Halo", "Bulge", "Galaxy", "Warm\nDisc", "Cold\nDisc"], "Colors": ["#1f77b4", "#2ca02c", "tab:gray", "#ff7f0e", "#d62728"]}, "au7_or_l4_s127": {"BarWidths": [0.3008710249484799, 0.6200643501122776, 0.6509259519328896, 0.7386786958259579, 0.8503760523154446], "NumericalLabels": ["$\\textbf{30.1\\%}$", "$\\textbf{62.0\\%}$", "$\\textbf{65.1\\%}$", "$\\textbf{73.9\\%}$", "$\\textbf{85.0\\%}$"], "ComponentLabel": ["Halo", "Bulge", "Galaxy", "Warm\nDisc", "Cold\nDisc"], "Colors": ["#1f77b4", "#2ca02c", "tab:gray", "#ff7f0e", "#d62728"]}, "au8_or_l4_s127": {"BarWidths": [0.49909791700836476, 0.8148457561374715, 0.8281181450715682, 0.8393535196183429, 0.8477648482972981], "NumericalLabels": ["$\\textbf{49.9\\%}$", "$\\textbf{81.5\\%}$", "$\\textbf{82.8\\%}$", "$\\textbf{83.9\\%}$", "$\\textbf{84.8\\%}$"], "ComponentLabel": ["Halo", "Warm\nDisc", "Galaxy", "Bulge", "Cold\nDisc"], "Colors": ["#1f77b4", "#ff7f0e", "tab:gray", "#2ca02c", "#d62728"]}, "au9_or_l4_s127": {"BarWidths": [0.6536944287902721, 0.9280941191177993, 0.9371496195938451, 0.9634285065883721, 0.9914959088048115], "NumericalLabels": ["$\\textbf{65.4\\%}$", "$\\textbf{92.8\\%}$", "$\\textbf{93.7\\%}$", "$\\textbf{96.3\\%}$", "$\\textbf{99.1\\%}$"], "ComponentLabel": ["Halo", "Bulge", "Galaxy", "Warm\nDisc", "Cold\nDisc"], "Colors": ["#1f77b4", "#2ca02c", "tab:gray", "#ff7f0e", "#d62728"]}, "au10_or_l4_s127": {"BarWidths": [0.570875042515022, 0.9532798176557478, 0.9871871599564744, 0.9922780085523585, 0.9964308661441342], "NumericalLabels": ["$\\textbf{57.1\\%}$", "$\\textbf{95.3\\%}$", "$\\textbf{98.7\\%}$", "$\\textbf{99.2\\%}$", "$\\textbf{99.6\\%}$"], "ComponentLabel": ["Halo", "Galaxy", "Warm\nDisc", "Bulge", "Cold\nDisc"], "Colors": ["#1f77b4", "tab:gray", "#ff7f0e", "#2ca02c", "#d62728"]}, "au12_or_l4_s127": {"BarWidths": [0.18364088861450606, 0.7987220923131917, 0.8039460799507914, 0.8694006370700631, 0.9659231422935687], "NumericalLabels": ["$\\textbf{18.4\\%}$", "$\\textbf{79.9\\%}$", "$\\textbf{80.4\\%}$", "$\\textbf{86.9\\%}$", "$\\textbf{96.6\\%}$"], "ComponentLabel": ["Halo", "Bulge", "Galaxy", "Warm\nDisc", "Cold\nDisc"], "Colors": ["#1f77b4", "#2ca02c", "tab:gray", "#ff7f0e", "#d62728"]}, "au13_or_l4_s127": {"BarWidths": [0.43186551323641315, 0.8554168264041119, 0.9131326949384405, 0.927925149084927, 0.9680317030084543], "NumericalLabels": ["$\\textbf{43.2\\%}$", "$\\textbf{85.5\\%}$", "$\\textbf{91.3\\%}$", "$\\textbf{92.8\\%}$", "$\\textbf{96.8\\%}$"], "ComponentLabel": ["Halo", "Galaxy", "Warm\nDisc", "Bulge", "Cold\nDisc"], "Colors": ["#1f77b4", "tab:gray", "#ff7f0e", "#2ca02c", "#d62728"]}, "au14_or_l4_s127": {"BarWidths": [0.4130355150768411, 0.7945832694144198, 0.8138676040255913, 0.9065663865517807, 0.9451873923139802], "NumericalLabels": ["$\\textbf{41.3\\%}$", "$\\textbf{79.5\\%}$", "$\\textbf{81.4\\%}$", "$\\textbf{90.7\\%}$", "$\\textbf{94.5\\%}$"], "ComponentLabel": ["Halo", "Warm\nDisc", "Galaxy", "Cold\nDisc", "Bulge"], "Colors": ["#1f77b4", "#ff7f0e", "tab:gray", "#d62728", "#2ca02c"]}, "au15_or_l4_s127": {"BarWidths": [0.25739235060342, 0.7348095623511748, 0.8462003282570185, 0.8813382753700866, 0.9742647830999878], "NumericalLabels": ["$\\textbf{25.7\\%}$", "$\\textbf{73.5\\%}$", "$\\textbf{84.6\\%}$", "$\\textbf{88.1\\%}$", "$\\textbf{97.4\\%}$"], "ComponentLabel": ["Halo", "Bulge", "Galaxy", "Warm\nDisc", "Cold\nDisc"], "Colors": ["#1f77b4", "#2ca02c", "tab:gray", "#ff7f0e", "#d62728"]}, "au16_or_l4_s127": {"BarWidths": [0.3111681643132221, 0.8315984526340656, 0.878255999410863, 0.8940782347187171, 0.9466688118235128], "NumericalLabels": ["$\\textbf{31.1\\%}$", "$\\textbf{83.2\\%}$", "$\\textbf{87.8\\%}$", "$\\textbf{89.4\\%}$", "$\\textbf{94.7\\%}$"], "ComponentLabel": ["Halo", "Bulge", "Warm\nDisc", "Galaxy", "Cold\nDisc"], "Colors": ["#1f77b4", "#2ca02c", "#ff7f0e", "tab:gray", "#d62728"]}, "au17_or_l4_s127": {"BarWidths": [0.7541218227616212, 0.9764427546928445, 0.9807953240789061, 0.9813003800781569, 0.9961344257215613], "NumericalLabels": ["$\\textbf{75.4\\%}$", "$\\textbf{97.6\\%}$", "$\\textbf{98.1\\%}$", "$\\textbf{98.1\\%}$", "$\\textbf{99.6\\%}$"], "ComponentLabel": ["Halo", "Galaxy", "Cold\nDisc", "Warm\nDisc", "Bulge"], "Colors": ["#1f77b4", "tab:gray", "#d62728", "#ff7f0e", "#2ca02c"]}, "au18_or_l4_s127": {"BarWidths": [0.5352530010636681, 0.957669426633478, 0.9711379115057563, 0.9769179660345325, 0.9875378456889115], "NumericalLabels": ["$\\textbf{53.5\\%}$", "$\\textbf{95.8\\%}$", "$\\textbf{97.1\\%}$", "$\\textbf{97.7\\%}$", "$\\textbf{98.8\\%}$"], "ComponentLabel": ["Halo", "Galaxy", "Bulge", "Warm\nDisc", "Cold\nDisc"], "Colors": ["#1f77b4", "tab:gray", "#2ca02c", "#ff7f0e", "#d62728"]}, "au20_or_l4_s127": {"BarWidths": [0.4043398886141474, 0.5952178940012096, 0.6492802029076926, 0.6783372131692716, 0.7147408437063163], "NumericalLabels": ["$\\textbf{40.4\\%}$", "$\\textbf{59.5\\%}$", "$\\textbf{64.9\\%}$", "$\\textbf{67.8\\%}$", "$\\textbf{71.5\\%}$"], "ComponentLabel": ["Halo", "Warm\nDisc", "Galaxy", "Cold\nDisc", "Bulge"], "Colors": ["#1f77b4", "#ff7f0e", "tab:gray", "#d62728", "#2ca02c"]}, "au21_or_l4_s127": {"BarWidths": [0.21486377196600057, 0.7029986829209885, 0.8004259456244496, 0.8256925529317715, 0.9495981287616071], "NumericalLabels": ["$\\textbf{21.5\\%}$", "$\\textbf{70.3\\%}$", "$\\textbf{80.0\\%}$", "$\\textbf{82.6\\%}$", "$\\textbf{95.0\\%}$"], "ComponentLabel": ["Halo", "Bulge", "Galaxy", "Warm\nDisc", "Cold\nDisc"], "Colors": ["#1f77b4", "#2ca02c", "tab:gray", "#ff7f0e", "#d62728"]}, "au22_or_l4_s127": {"BarWidths": [0.7112944851375166, 0.9668055764012805, 0.9821429950049796, 0.9852959206362071, 0.9943035784648064], "NumericalLabels": ["$\\textbf{71.1\\%}$", "$\\textbf{96.7\\%}$", "$\\textbf{98.2\\%}$", "$\\textbf{98.5\\%}$", "$\\textbf{99.4\\%}$"], "ComponentLabel": ["Halo", "Galaxy", "Bulge", "Warm\nDisc", "Cold\nDisc"], "Colors": ["#1f77b4", "tab:gray", "#2ca02c", "#ff7f0e", "#d62728"]}, "au23_or_l4_s127": {"BarWidths": [0.25162434924235816, 0.8798714651984337, 0.8903446163835445, 0.893556917699859, 0.9727343080210568], "NumericalLabels": ["$\\textbf{25.2\\%}$", "$\\textbf{88.0\\%}$", "$\\textbf{89.0\\%}$", "$\\textbf{89.4\\%}$", "$\\textbf{97.3\\%}$"], "ComponentLabel": ["Halo", "Galaxy", "Bulge", "Warm\nDisc", "Cold\nDisc"], "Colors": ["#1f77b4", "tab:gray", "#2ca02c", "#ff7f0e", "#d62728"]},