{
    "au2_or_l4_s127": {
        "BarWidths": [
            0.4667616711824393,
            0.8386565703772836,
            0.8579610932420578,
            0.8584556900019203,
            0.9172914865626762
        ],
        "NumericalLabels": [
            "$\\textbf{46.7\\%}$",
            "$\\textbf{83.9\\%}$",
            "$\\textbf{85.8\\%}$",
            "$\\textbf{85.8\\%}$",
            "$\\textbf{91.7\\%}$"
        ],
        "ComponentLabel": [
            "Halo",
            "Warm\nDisc",
            "Bulge",
            "Galaxy",
            "Cold\nDisc"
        ],
        "Colors": [
            "tab:blue",
            "tab:orange",
            "tab:green",
            "tab:gray",
            "tab:red"
        ]
    },
    "au3_or_l4_s127": {
        "BarWidths": [
            0.4446531845139426,
            0.6858100459458859,
            0.7838074068928791,
            0.8546476298004922,
            0.9754379995282636
        ],
        "NumericalLabels": [
            "$\\textbf{44.5\\%}$",
            "$\\textbf{68.6\\%}$",
            "$\\textbf{78.4\\%}$",
            "$\\textbf{85.5\\%}$",
            "$\\textbf{97.5\\%}$"
        ],
        "ComponentLabel": [
            "Halo",
            "Bulge",
            "Warm\nDisc",
            "Galaxy",
            "Cold\nDisc"
        ],
        "Colors": [
            "tab:blue",
            "tab:green",
            "tab:orange",
            "tab:gray",
            "tab:red"
        ]
    },
    "au4_or_l4_s127": {
        "BarWidths": [
            0.5042751022853756,
            0.5818612294717338,
            0.6143797872707351,
            0.6489220095340628,
            0.8700662267809881
        ],
        "NumericalLabels": [
            "$\\textbf{50.4\\%}$",
            "$\\textbf{58.2\\%}$",
            "$\\textbf{61.4\\%}$",
            "$\\textbf{64.9\\%}$",
            "$\\textbf{87.0\\%}$"
        ],
        "ComponentLabel": [
            "Halo",
            "Bulge",
            "Galaxy",
            "Warm\nDisc",
            "Cold\nDisc"
        ],
        "Colors": [
            "tab:blue",
            "tab:green",
            "tab:gray",
            "tab:orange",
            "tab:red"
        ]
    },
    "au6_or_l4_s127": {
        "BarWidths": [
            0.4273367771661166,
            0.8240294610404929,
            0.8845209063208221,
            0.913706242239889,
            0.9696102087535758
        ],
        "NumericalLabels": [
            "$\\textbf{42.7\\%}$",
            "$\\textbf{82.4\\%}$",
            "$\\textbf{88.5\\%}$",
            "$\\textbf{91.4\\%}$",
            "$\\textbf{97.0\\%}$"
        ],
        "ComponentLabel": [
            "Halo",
            "Bulge",
            "Galaxy",
            "Warm\nDisc",
            "Cold\nDisc"
        ],
        "Colors": [
            "tab:blue",
            "tab:green",
            "tab:gray",
            "tab:orange",
            "tab:red"
        ]
    },
    "au7_or_l4_s127": {
        "BarWidths": [
            0.35175216892144784,
            0.6509259519328896,
            0.7013063309317297,
            0.7386786958259579,
            0.8503760523154446
        ],
        "NumericalLabels": [
            "$\\textbf{35.2\\%}$",
            "$\\textbf{65.1\\%}$",
            "$\\textbf{70.1\\%}$",
            "$\\textbf{73.9\\%}$",
            "$\\textbf{85.0\\%}$"
        ],
        "ComponentLabel": [
            "Halo",
            "Galaxy",
            "Bulge",
            "Warm\nDisc",
            "Cold\nDisc"
        ],
        "Colors": [
            "tab:blue",
            "tab:gray",
            "tab:green",
            "tab:orange",
            "tab:red"
        ]
    },
    "au8_or_l4_s127": {
        "BarWidths": [
            0.678557508491249,
            0.8148457561374715,
            0.8281181450715682,
            0.8477648482972981,
            0.8509216939445087
        ],
        "NumericalLabels": [
            "$\\textbf{67.9\\%}$",
            "$\\textbf{81.5\\%}$",
            "$\\textbf{82.8\\%}$",
            "$\\textbf{84.8\\%}$",
            "$\\textbf{85.1\\%}$"
        ],
        "ComponentLabel": [
            "Halo",
            "Warm\nDisc",
            "Galaxy",
            "Cold\nDisc",
            "Bulge"
        ],
        "Colors": [
            "tab:blue",
            "tab:orange",
            "tab:gray",
            "tab:red",
            "tab:green"
        ]
    },
    "au9_or_l4_s127": {
        "BarWidths": [
            0.7185617231565572,
            0.9371496195938451,
            0.9519228731358221,
            0.9634285065883721,
            0.9914959088048115
        ],
        "NumericalLabels": [
            "$\\textbf{71.9\\%}$",
            "$\\textbf{93.7\\%}$",
            "$\\textbf{95.2\\%}$",
            "$\\textbf{96.3\\%}$",
            "$\\textbf{99.1\\%}$"
        ],
        "ComponentLabel": [
            "Halo",
            "Galaxy",
            "Bulge",
            "Warm\nDisc",
            "Cold\nDisc"
        ],
        "Colors": [
            "tab:blue",
            "tab:gray",
            "tab:green",
            "tab:orange",
            "tab:red"
        ]
    },
    "au10_or_l4_s127": {
        "BarWidths": [
            0.6653952773112645,
            0.9532798176557478,
            0.9871871599564744,
            0.995632123575285,
            0.9964308661441342
        ],
        "NumericalLabels": [
            "$\\textbf{66.5\\%}$",
            "$\\textbf{95.3\\%}$",
            "$\\textbf{98.7\\%}$",
            "$\\textbf{99.6\\%}$",
            "$\\textbf{99.6\\%}$"
        ],
        "ComponentLabel": [
            "Halo",
            "Galaxy",
            "Warm\nDisc",
            "Bulge",
            "Cold\nDisc"
        ],
        "Colors": [
            "tab:blue",
            "tab:gray",
            "tab:orange",
            "tab:green",
            "tab:red"
        ]
    },
    "au12_or_l4_s127": {
        "BarWidths": [
            0.28246747923491355,
            0.8039460799507914,
            0.8694006370700631,
            0.896714184148535,
            0.9659231422935687
        ],
        "NumericalLabels": [
            "$\\textbf{28.2\\%}$",
            "$\\textbf{80.4\\%}$",
            "$\\textbf{86.9\\%}$",
            "$\\textbf{89.7\\%}$",
            "$\\textbf{96.6\\%}$"
        ],
        "ComponentLabel": [
            "Halo",
            "Galaxy",
            "Warm\nDisc",
            "Bulge",
            "Cold\nDisc"
        ],
        "Colors": [
            "tab:blue",
            "tab:gray",
            "tab:orange",
            "tab:green",
            "tab:red"
        ]
    },
    "au13_or_l4_s127": {
        "BarWidths": [
            0.5005083022704168,
            0.8554168264041119,
            0.9131326949384405,
            0.9612181811077295,
            0.9680317030084543
        ],
        "NumericalLabels": [
            "$\\textbf{50.1\\%}$",
            "$\\textbf{85.5\\%}$",
            "$\\textbf{91.3\\%}$",
            "$\\textbf{96.1\\%}$",
            "$\\textbf{96.8\\%}$"
        ],
        "ComponentLabel": [
            "Halo",
            "Galaxy",
            "Warm\nDisc",
            "Bulge",
            "Cold\nDisc"
        ],
        "Colors": [
            "tab:blue",
            "tab:gray",
            "tab:orange",
            "tab:green",
            "tab:red"
        ]
    },
    "au14_or_l4_s127": {
        "BarWidths": [
            0.5699975830491179,
            0.7945832694144198,
            0.8138676040255913,
            0.9065663865517807,
            0.9643079550216784
        ],
        "NumericalLabels": [
            "$\\textbf{57.0\\%}$",
            "$\\textbf{79.5\\%}$",
            "$\\textbf{81.4\\%}$",
            "$\\textbf{90.7\\%}$",
            "$\\textbf{96.4\\%}$"
        ],