{"slope": -0.009439551934386146, "intercept": 0.089756028802896, "rvalue": -0.09789938563180167, "pvalue": 0.0, "stderr": 0.00014003272504471367, "intercept_stderr": 0.0013258596503732064}