{"slope": -0.015180971087492357, "intercept": 0.058414923360502774, "rvalue": -0.21260233133617934, "pvalue": 0.0, "stderr": 0.00011157065735189365, "intercept_stderr": 0.0011784261736658788}