{"slope": -0.007600478423410852, "intercept": 0.07407819563294968, "rvalue": -0.11666296839546199, "pvalue": 0.0, "stderr": 8.528705316659413e-05, "intercept_stderr": 0.0009998747789415872}