{"slope": -0.026645633664655062, "intercept": 0.5840211177907838, "rvalue": -0.6858761303459314, "pvalue": 0.0, "stderr": 0.00016310949502318882, "intercept_stderr": 0.002339195924952993}