{"slope": -0.011277888452815034, "intercept": 0.12868412035545768, "rvalue": -0.8388026480896005, "pvalue": 4.0563872299088745e-12, "stderr": 0.0011574027716622804, "intercept_stderr": 0.014031768417024673}