{"slope": -0.02541244478228803, "intercept": 0.11341272806160428, "rvalue": -0.7850339427439409, "pvalue": 5.551629622983586e-06, "stderr": 0.004275184457499489, "intercept_stderr": 0.02961291826122965}