{"slope": -0.01949388254647429, "intercept": 0.232080450437381, "rvalue": -0.45175611199407417, "pvalue": 0.0, "stderr": 0.00023962605429472404, "intercept_stderr": 0.0019055597465069435}