{"slope": -0.014372945212770705, "intercept": -0.055844886866028745, "rvalue": -0.1436017262754513, "pvalue": 0.0, "stderr": 0.00019743812137117686, "intercept_stderr": 0.0013323459841445542}