{"slope": -0.01240765587530556, "intercept": 0.006648501791084477, "rvalue": -0.13321836570595116, "pvalue": 0.0, "stderr": 0.00015027169967374169, "intercept_stderr": 0.0010336926549493382}