{"slope": -0.010924304520105076, "intercept": -0.013804022715533867, "rvalue": -0.1110013043820741, "pvalue": 0.0, "stderr": 0.0001795796999490082, "intercept_stderr": 0.0015410587771702727}