{"slope": -0.019232443924771043, "intercept": 0.12729114980401196, "rvalue": -0.2787335459783106, "pvalue": 0.0, "stderr": 0.00013617455043499424, "intercept_stderr": 0.0015180324338914582}