{"slope": -0.026732077295771182, "intercept": 0.3421871880613954, "rvalue": -0.6076712927691083, "pvalue": 0.0, "stderr": 0.00011184947727276208, "intercept_stderr": 0.0012826081216544194}