{"slope": -0.020660248434325176, "intercept": 0.1515136943899814, "rvalue": -0.9578441944547673, "pvalue": 7.974976845302395e-24, "stderr": 0.0009677573979162654, "intercept_stderr": 0.012011990232969812}