{"slope": -0.02107327645104044, "intercept": 0.14417033489085385, "rvalue": -0.2139185958016051, "pvalue": 0.0, "stderr": 0.00021077770035744995, "intercept_stderr": 0.00190364076305669}