{"slope": -0.012257860804871864, "intercept": -0.29341904842871575, "rvalue": -0.13642102138490722, "pvalue": 1.1449381650312708e-183, "stderr": 0.0004221334666353862, "intercept_stderr": 0.004827018622311396}