{"slope": -0.03029408082478, "intercept": 0.2779284313790937, "rvalue": -0.3060247259259969, "pvalue": 0.0, "stderr": 0.000200024968656203, "intercept_stderr": 0.0016354525145314417}