{"slope": -0.0349869381849838, "intercept": 0.33540312896448077, "rvalue": -0.9917748639044458, "pvalue": 3.9192536187996247e-39, "stderr": 0.0006967225472935777, "intercept_stderr": 0.008848993504590707}