{"slope": -0.030821564586980946, "intercept": 0.2799081810243002, "rvalue": -0.38148131376965566, "pvalue": 0.0, "stderr": 0.00015949739612147778, "intercept_stderr": 0.0014714106436626059}