{"slope": -0.03153678667772262, "intercept": 0.406633570184416, "rvalue": -0.637922630824851, "pvalue": 0.0, "stderr": 0.00011561870281691651, "intercept_stderr": 0.0010885348139766308}