{"slope": -0.019055473190767513, "intercept": -0.23925175917626665, "rvalue": -0.21577222391228823, "pvalue": 0.0, "stderr": 0.000489618165406231, "intercept_stderr": 0.005134328182418599}