{"slope": -0.005039608822314227, "intercept": 6.710040035164122e-05, "rvalue": -0.05132548622645411, "pvalue": 8.254312660446512e-207, "stderr": 0.00016411295703296604, "intercept_stderr": 0.0016319075793227171}