{"slope": -0.004241692248024348, "intercept": -0.004863222715561742, "rvalue": -0.69459053012001, "pvalue": 2.203847600718823e-08, "stderr": 0.0006341081221433801, "intercept_stderr": 0.009152104735810173}