{"slope": -0.018511584724062235, "intercept": 0.5261123744372085, "rvalue": -0.6468384800836386, "pvalue": 0.0, "stderr": 0.00011393327446129574, "intercept_stderr": 0.0019099549416581115}