{"slope": -0.0036142311361713328, "intercept": -0.0147349313353555, "rvalue": -0.06680203109751334, "pvalue": 0.0, "stderr": 7.225992350621206e-05, "intercept_stderr": 0.0010888490916198467}