{"slope": -0.009708202134697854, "intercept": -0.04398926798556957, "rvalue": -0.17250593746581652, "pvalue": 0.0, "stderr": 9.241047848004194e-05, "intercept_stderr": 0.0012801000335815032}