{"slope": -0.0458145287846165, "intercept": 0.5429081821378547, "rvalue": -0.6354787940909967, "pvalue": 0.0, "stderr": 0.00018101855844379904, "intercept_stderr": 0.001523016354584864}