{"slope": -0.01668916124335091, "intercept": -0.03738335512763488, "rvalue": -0.1618998499389243, "pvalue": 0.0, "stderr": 0.0003045293384350034, "intercept_stderr": 0.002513621458640879}