{"slope": -0.028462210905261305, "intercept": 0.2474428870200451, "rvalue": -0.3225713059457216, "pvalue": 0.0, "stderr": 0.00012159362247639079, "intercept_stderr": 0.0009844497493625036}