{"slope": -0.027967335505673728, "intercept": 0.24276041991570788, "rvalue": -0.30169858392310506, "pvalue": 0.0, "stderr": 0.00013732959226545592, "intercept_stderr": 0.0011762809980520688}