{"slope": -0.027653279800769617, "intercept": 0.2370740682406115, "rvalue": -0.9861434336432122, "pvalue": 2.1650236450793476e-23, "stderr": 0.000879145307444773, "intercept_stderr": 0.007612564177748342}