{"slope": -0.024337762714149804, "intercept": 0.5055930048239978, "rvalue": -0.6212201279099671, "pvalue": 0.0, "stderr": 0.00022140249830804112, "intercept_stderr": 0.0029784396453619516}