{"slope": -0.014823635748244279, "intercept": 0.09532505557112776, "rvalue": -0.8192997608179443, "pvalue": 3.3945101911310357e-12, "stderr": 0.0015639291099644563, "intercept_stderr": 0.020766275680572644}