{"slope": -0.020658434247456007, "intercept": 0.1009503394280673, "rvalue": -0.19043113805615955, "pvalue": 0.0, "stderr": 0.00021009874661943057, "intercept_stderr": 0.0020168549670303982}