{"slope": -0.012074555525884309, "intercept": -0.05391637288652165, "rvalue": -0.18003131708015585, "pvalue": 0.0, "stderr": 0.0001321016006822986, "intercept_stderr": 0.0016163679507761322}