{"slope": -0.009326527326978659, "intercept": -0.0028313075797175014, "rvalue": -0.14234983009483315, "pvalue": 0.0, "stderr": 0.00011324174751820446, "intercept_stderr": 0.0014501145620981755}